Sentiment,Avg_PnL,Total_PnL,Win_Rate
Fear,50.047621894017375,6699925.190574,0.41514592406122314
Greed,77.8382471422626,3366582.02715,0.453492404799889
Neutral,22.229712656210616,158742.378078,0.3171824674415348
